<?xml version="1.0" encoding="UTF-8" standalone="yes"?>
<!-- Minimal IP with schemas -->
<!-- In this example IDs are carring information to ease understanding - they look like paths to ease understanding, but are just IDs, similar to the naming of namespaces - these IDs can be replaced with information less UUID -->
<!-- CSIPSTR15 goes like this: We recommend including all schema documents for any structured metadata within package. These schema documents SHOULD be placed in a sub-folder called schemas within the Information Package root folder and/or the representation folder. -->
<mets xmlns:xsi="http://www.w3.org/2001/XMLSchema-instance" 
  xmlns="http://www.loc.gov/METS/" 
  xmlns:csip="https://DILCIS.eu/XML/METS/CSIPExtensionMETS"
  xmlns:xlink="http://www.w3.org/1999/xlink"
  xsi:schemaLocation="http://www.w3.org/2001/XMLSchema-instance schemas/XMLSchema.xsd http://www.loc.gov/METS/ schemas/mets.xsd http://www.w3.org/1999/xlink schemas/xlink.xsd https://DILCIS.eu/XML/METS/CSIPExtensionMETS schemas/CSIPExtensionMETS.xsd" 
  OBJID="minimal_IP_with_schemas" 
  TYPE="Databases" 
  csip:CONTENTINFORMATIONTYPE="SIARD2" 
  PROFILE="https://earkcsip.dilcis.eu/profile/CSIP.xml" >
 <!-- CSIP1 - mets/@OBJID -->
  <!-- CSIP2 - mets/@TYPE -->
  <!-- CSIP4 - mets/@csip:CONTENTTYPESPECIFICATION -->
  <!-- CSIP6 - mets/@PROFILE  The PROFILE attribute has to have as its value the URL of the used profile. When this profile is implemented as is the value is the URL for the official CS IP METS Profile. -->

  <metsHdr CREATEDATE="2018-10-12T14:20:00" csip:OAISPACKAGETYPE="SIP">
  <!-- CSIP7 mets/@metsHdr@CREATEDATE -->
  <!-- CSIP9 mets/@metsHdr/@csip:OAISPACKAGETYPE -->   
    <agent ROLE="CREATOR" TYPE="OTHER" OTHERTYPE="SOFTWARE">    
    <!-- CSIP10 mets/@metsHdr/agent -->
    <!-- CSIP11 mets/metsHdr/agent/@ROLE  The role of the mandatory agent is “CREATOR”.-->
    <!-- CSIP12 mets/metsHdr/agent/@TYPE The type of the mandatory agent is “OTHER”. -->
    <!-- CSIP13 metsmetsHdr/agent/@OTHERTYPE The other type of the mandatory agent is “SOFTWARE”. -->      
    <name>E-ARK Corpus Team</name>
    <!-- CSIP14 mets/metsHdr/agent/name -->
    <note csip:NOTETYPE="SOFTWARE VERSION">1.0</note>
    <!-- CSIP15 mets/metsHdr/agent/note -->
    <!-- CSIP16 mets/metsHdr/agent/note/@csip:NOTETYPE The mandatory agent note is typed with the fixed value of “SOFTWARE VERSION”. -->
    </agent>
  </metsHdr>
  
    <fileSec ID="ID-minimal_IP_with_schemas_filesec">   
    <!-- CSIP59 there MUST be an ID -->
     
      <!-- schemas -->	
      <fileGrp USE="Schemas" ID="ID-minimal_with_schemas_fileGrp_schemas">  
        <!-- CSIP60 there MUST be a fileGrp-element -->
        <!-- CSIP64 there MUST be an USE-attribute -->
        <!-- CSIP65 there MUST be an ID-attribute -->
            
        <!-- METS.xsd -->
        <file ID="ID-minimal_with_schemas_fileGrp_schemas_mets_xsd" MIMETYPE="application/xml" SIZE="133920" CREATED="2018-05-01T14:20:00" 
          CHECKSUM="4e9961dec3de72081e6142b28a437fb8" CHECKSUMTYPE="MD5" >
          <!-- CSIP66 there MUST be a file-element -->
          <!-- CSIP67 there MUST be an ID-attribute -->
          <!-- CSIP68 there MUST be an MIMETYPE-attribute -->
          <!-- CSIP69 there MUST be an SIZE-attribute -->
          <!-- CSIP70 there MUST be an CREATED-attribute -->
          <!-- CSIP71 there MUST be an CHECKSUM-attribute -->
          <!-- CSIP72 there MUST be an CHECKSUMTYPE-attribute -->
          <FLocat LOCTYPE="URL" xlink:type="simple" xlink:href="schemas/mets.xsd" />
          <!-- CSIP76 there MUST be a FLocat-element -->
          <!-- CSIP77 there MUST be a LOCTYPE-attribute -->
          <!-- CSIP78 there MUST be a xlink:type-attribute with the value "simple" -->
          <!-- CSIP79 there MUST be a xlink:href-attribute -->
        </file>
        
        <!-- XMLSchema.xsd -->
        <file ID="ID-minimal_with_schemas_fileGrp_schemas_XMLSchema_xsd" MIMETYPE="application/xml"  CREATED="2015-12-14T14:20:00" 
          CHECKSUM="94ed1a93ce3147d01bcb2fc1126255ed" CHECKSUMTYPE="MD5" SIZE="87677">
          <FLocat LOCTYPE="URL" xlink:href="schemas/XMLSchema.xsd" xlink:type="simple"/>
        </file>
        
        <!-- xlink.xsd -->
        <file ID="ID-minimal_with_schemas_fileGrp_schemas_xlink_xsd" MIMETYPE="application/xml"  CREATED="2015-12-14T14:20:00" 
          CHECKSUM="90c7527e6d4d3c3a6247ceb94b46bcf5" CHECKSUMTYPE="MD5" SIZE="8322">
          <FLocat LOCTYPE="URL" xlink:href="schemas/xlink.xsd" xlink:type="simple"/>
        </file>
        
        <!-- CSIPExtensionMETS.xsd -->
        <file ID="ID-minimal_with_schemas_fileGrp_schemas_CSIPExtensionMETS.xsd" MIMETYPE="application/xml"  CREATED="2018-12-14T14:20:00" 
          CHECKSUM="1a31b3aa3ae1e9b99e7a8b4618f3b485" CHECKSUMTYPE="MD5" SIZE="1673">
          <FLocat LOCTYPE="URL" xlink:href="schemas/CSIPExtensionMETS.xsd" xlink:type="simple"/>
        </file> 
        
      </fileGrp>
  </fileSec>
  <structMap TYPE="PHYSICAL" LABEL="CSIP StructMap" ID="ID-StructmapID"> 
    <!-- CSIP80 mets/structMap  -->
    <!-- CSIP81 mets/structMap/@TYPE The type attribute of the structural map (structMap) is set to value “PHYSICAL” from the vocabualry -->
    <!-- CSIP82 mets/structMap/@LABEL The value must be “CSIP StructMap” -->
    <!-- CSIP83 mets/structMap/@ID -->
    <div ID="ID-Structmap_Div_ID" LABEL="ID-Minimal_IP_with_schemas">
      <!-- CSIP84 mets/structMap/div -->
      <!-- CSIP85 mets/structMap/div/@ID -->
      <!-- CSIP86 mets/structMap/div/@LABEL -->
      <div ID="ID-Structmap_Div_ID_Metadata" LABEL="Metadata">
      </div>
      <div ID="ID-Structmap_Div_ID_Documentation" LABEL="Documentation">
      </div>
      <div ID="ID-Structmap_Div_ID_Schemas" LABEL="Schemas" CONTENTIDS="minimal_with_schemas_fileGrp_schemas">
      </div>
    </div>

  </structMap> 
  
</mets>

